<?xml version="1.0" encoding="UTF-8"?>
<!DOCTYPE plist PUBLIC "-//Apple//DTD PLIST 1.0//EN" "http://www.apple.com/DTDs/PropertyList-1.0.dtd">
<plist version="1.0">
<dict>
	<key>API_KEY</key>
	<string>AIzaSyCi6gU4NA9cSuExOPz0GBzdPkYwOsRjRq0</string>
	<key>GCM_SENDER_ID</key>
	<string>101686646564</string>
	<key>PLIST_VERSION</key>
	<string>1</string>
	<key>BUNDLE_ID</key>
	<string>com.blueapp.messenger</string>
	<key>PROJECT_ID</key>
	<string>blueapp-9c773</string>
	<key>STORAGE_BUCKET</key>
	<string>blueapp-9c773.firebasestorage.app</string>
	<key>IS_ADS_ENABLED</key>
	<false></false>
	<key>IS_ANALYTICS_ENABLED</key>
	<false></false>
	<key>IS_APPINVITE_ENABLED</key>
	<true></true>
	<key>IS_GCM_ENABLED</key>
	<true></true>
	<key>IS_SIGNIN_ENABLED</key>
	<true></true>
	<key>GOOGLE_APP_ID</key>
	<string>1:101686646564:ios:f556a33e6b63acd11345b1</string>
</dict>
</plist>